{
    "$Generated": "04/26/2021 12:30:43",
    "$version": "0.0.0.2",
    "/Operator Controller/Waypoint Bench Entrance/Waypoint": {
        "Waypoint.duration": 3.999275349653104
    },
    "/Operator Controller/Waypoint Bench/Waypoint": {
        "Waypoint.duration": 0.6029895969243249
    },
    "/Operator Controller/Waypoint Cell Entrance/Waypoint": {
        "Waypoint.duration": 0.5328155810875926
    },
    "/Operator Controller/Waypoint Cell/Waypoint": {
        "Waypoint.duration": 1.135945927931521
    },
    "/Operator Controller/Waypoint Exit/Waypoint": {
        "Waypoint.duration": 60.0
    }
}